p_id,experience,contribution_points,age,pension_benefits_before_earnings_test_y,preference_shock_if_benefits_claimed_idx,preference_shock_if_no_benefits_claimed_idx
0,16,7,60,0,1,0
1,18,8,60,0,1,1
2,16,8,60,0,1,0
3,22,9,60,0,0,1
4,19,9,60,0,1,1
5,20,9,60,0,0,0
6,20,9,60,0,0,1
7,18,9,60,0,2,2
8,9,5,60,0,1,2
9,5,3,60,0,1,1
10,20,9,60,0,2,1
11,7,5,60,0,0,1
12,19,9,60,0,2,2
13,7,5,60,0,2,0
14,21,9,60,0,1,2
15,2,3,60,0,0,2
16,4,3,60,0,0,1
17,19,9,60,0,1,2
18,19,9,60,0,1,1
19,0,2,60,0,1,0
20,18,8,60,0,0,2
21,14,8,60,0,2,2
22,21,9,60,0,1,1
23,20,9,60,0,2,1
24,23,9,60,0,0,1
25,18,9,60,0,0,0
26,13,8,60,0,2,1
27,15,8,60,0,0,2
28,10,6,60,0,2,1
29,22,9,60,0,1,2
30,18,9,60,0,1,0
31,20,9,60,0,0,1
32,1,2,60,0,1,1
33,18,9,60,0,0,1
34,11,8,60,0,1,1
35,18,8,60,0,2,0
36,13,9,60,0,0,0
37,19,9,60,0,2,0
38,18,9,60,0,1,2
39,20,9,60,0,1,1
40,8,5,60,0,1,0
41,11,8,60,0,1,2
42,5,4,60,0,2,0
43,18,9,60,0,2,2
44,12,9,60,0,2,0
45,21,9,60,0,1,1
46,11,8,60,0,2,2
47,14,9,60,0,2,2
48,10,6,60,0,2,0
49,15,8,60,0,2,1
50,11,7,60,0,0,0
51,21,9,60,0,0,0
52,5,3,60,0,1,1
53,3,3,60,0,0,2
54,15,7,60,0,2,2
55,21,9,60,0,2,2
56,2,2,60,0,0,1
57,15,9,60,0,0,1
58,19,9,60,0,0,2
59,22,9,60,0,1,0
60,17,8,60,0,2,1
61,4,3,60,0,0,2
62,18,9,60,0,2,1
63,19,9,60,0,1,1
64,17,8,60,0,1,2
65,3,3,60,0,0,1
66,22,9,60,0,2,0
67,12,8,60,0,1,0
68,19,9,60,0,0,1
69,1,3,60,0,1,1
70,16,7,60,0,1,2
71,10,7,60,0,0,0
72,11,6,60,0,1,2
73,17,8,60,0,1,0
74,0,2,60,0,2,2
75,14,9,60,0,1,2
76,20,9,60,0,0,2
77,20,9,60,0,0,2
78,16,8,60,0,1,2
79,20,9,60,0,1,1
80,21,9,60,0,0,1
81,16,7,60,0,1,0
82,16,7,60,0,0,2
83,16,9,60,0,0,1
84,6,4,60,0,2,1
85,19,9,60,0,1,0
86,12,9,60,0,1,1
87,17,8,60,0,0,0
88,15,9,60,0,2,0
89,19,9,60,0,1,2
90,18,9,60,0,2,2
91,14,9,60,0,0,0
92,19,9,60,0,0,2
93,19,9,60,0,1,2
94,6,3,60,0,0,1
95,20,9,60,0,2,2
96,24,9,60,0,0,0
97,13,9,60,0,0,1
98,6,4,60,0,1,2
99,14,9,60,0,0,0
100,17,7,60,0,0,0
101,15,8,60,0,0,0
102,12,8,60,0,0,1
103,17,8,60,0,1,0
104,20,9,60,0,1,1
105,17,8,60,0,1,2
106,14,9,60,0,2,0
107,13,9,60,0,0,2
108,7,4,60,0,1,2
109,17,8,60,0,0,2
110,14,9,60,0,0,0
111,4,3,60,0,2,1
112,8,5,60,0,1,0
113,23,9,60,0,1,2
114,16,8,60,0,2,0
115,16,8,60,0,1,2
116,15,9,60,0,2,1
117,9,6,60,0,2,2
118,12,9,60,0,1,1
119,16,8,60,0,2,2
120,14,9,60,0,0,2
121,10,6,60,0,2,1
122,20,9,60,0,1,1
123,15,8,60,0,0,1
124,12,8,60,0,0,1
125,16,8,60,0,0,1
126,21,9,60,0,0,1
127,17,8,60,0,0,1
128,17,8,60,0,0,0
129,18,8,60,0,1,2
130,13,9,60,0,2,1
131,13,9,60,0,1,0
132,8,5,60,0,2,2
133,9,7,60,0,1,0
134,13,9,60,0,2,2
135,10,7,60,0,2,2
136,15,9,60,0,2,2
137,21,9,60,0,2,0
138,17,8,60,0,2,1
139,8,5,60,0,1,0
140,14,9,60,0,0,1
141,11,7,60,0,0,2
142,12,8,60,0,2,1
143,14,9,60,0,1,0
144,6,4,60,0,2,0
145,15,9,60,0,2,0
146,3,2,60,0,0,2
147,17,8,60,0,2,1
148,9,6,60,0,0,1
149,21,9,60,0,2,0
150,16,7,60,0,1,0
151,18,8,60,0,1,0
152,16,8,60,0,1,1
153,22,9,60,0,2,1
154,19,9,60,0,2,1
155,20,9,60,0,2,2
156,20,9,60,0,1,2
157,18,9,60,0,1,2
158,9,5,60,0,0,2
159,5,3,60,0,1,2
160,20,9,60,0,2,2
161,7,5,60,0,1,0
162,19,9,60,0,2,0
163,7,5,60,0,1,1
164,21,9,60,0,2,2
165,2,3,60,0,2,1
166,4,3,60,0,0,0
167,19,9,60,0,1,0
168,19,9,60,0,2,0
169,0,2,60,0,2,0
170,18,8,60,0,1,0
171,14,8,60,0,1,1
172,21,9,60,0,2,2
173,20,9,60,0,1,0
174,23,9,60,0,1,0
175,18,9,60,0,2,0
176,13,8,60,0,2,1
177,15,8,60,0,2,2
178,10,6,60,0,1,0
179,22,9,60,0,0,2
180,18,9,60,0,0,2
181,20,9,60,0,2,0
182,1,2,60,0,2,0
183,18,9,60,0,0,1
184,11,8,60,0,1,2
185,18,8,60,0,1,2
186,13,9,60,0,1,1
187,19,9,60,0,1,0
188,18,9,60,0,2,2
189,20,9,60,0,0,1
190,8,5,60,0,2,1
191,11,8,60,0,2,2
192,5,4,60,0,0,0
193,18,9,60,0,2,2
194,12,9,60,0,1,2
195,21,9,60,0,0,1
196,11,8,60,0,1,0
197,14,9,60,0,2,2
198,10,6,60,0,1,1
199,15,8,60,0,2,0
200,11,7,60,0,2,0
201,21,9,60,0,1,1
202,5,3,60,0,1,0
203,3,3,60,0,2,1
204,15,7,60,0,2,0
205,21,9,60,0,2,1
206,2,2,60,0,2,0
207,15,9,60,0,0,0
208,19,9,60,0,1,1
209,22,9,60,0,2,1
210,17,8,60,0,1,0
211,4,3,60,0,0,0
212,18,9,60,0,2,0
213,19,9,60,0,0,0
214,17,8,60,0,2,2
215,3,3,60,0,2,2
216,22,9,60,0,2,2
217,12,8,60,0,2,0
218,19,9,60,0,2,1
219,1,3,60,0,1,0
220,16,7,60,0,1,2
221,10,7,60,0,0,1
222,11,6,60,0,2,1
223,17,8,60,0,0,0
224,0,2,60,0,2,1
225,14,9,60,0,1,0
226,20,9,60,0,0,0
227,20,9,60,0,1,1
228,16,8,60,0,0,1
229,20,9,60,0,2,1
230,21,9,60,0,0,2
231,16,7,60,0,2,0
232,16,7,60,0,1,0
233,16,9,60,0,2,0
234,6,4,60,0,2,0
235,19,9,60,0,2,1
236,12,9,60,0,1,2
237,17,8,60,0,1,2
238,15,9,60,0,0,2
239,19,9,60,0,2,1
240,18,9,60,0,1,2
241,14,9,60,0,1,2
242,19,9,60,0,2,0
243,19,9,60,0,1,0
244,6,3,60,0,0,0
245,20,9,60,0,2,1
246,24,9,60,0,0,1
247,13,9,60,0,2,1
248,6,4,60,0,2,2
249,14,9,60,0,1,2
250,17,7,60,0,1,0
251,15,8,60,0,1,2
252,12,8,60,0,0,2
253,17,8,60,0,2,1
254,20,9,60,0,0,0
255,17,8,60,0,1,1
256,14,9,60,0,0,2
257,13,9,60,0,1,1
258,7,4,60,0,2,0
259,17,8,60,0,2,0
260,14,9,60,0,1,1
261,4,3,60,0,2,0
262,8,5,60,0,0,1
263,23,9,60,0,1,2
264,16,8,60,0,2,2
265,16,8,60,0,1,2
266,15,9,60,0,1,0
267,9,6,60,0,0,0
268,12,9,60,0,1,2
269,16,8,60,0,0,1
270,14,9,60,0,2,2
271,10,6,60,0,0,0
272,20,9,60,0,0,2
273,15,8,60,0,0,1
274,12,8,60,0,0,2
275,16,8,60,0,2,1
276,21,9,60,0,1,2
277,17,8,60,0,0,2
278,17,8,60,0,2,2
279,18,8,60,0,0,1
280,13,9,60,0,0,0
281,13,9,60,0,1,0
282,8,5,60,0,0,2
283,9,7,60,0,1,2
284,13,9,60,0,0,1
285,10,7,60,0,0,2
286,15,9,60,0,2,0
287,21,9,60,0,0,0
288,17,8,60,0,1,0
289,8,5,60,0,2,0
290,14,9,60,0,2,2
291,11,7,60,0,1,2
292,12,8,60,0,2,0
293,14,9,60,0,2,0
294,6,4,60,0,2,2
295,15,9,60,0,0,2
296,3,2,60,0,0,2
297,17,8,60,0,2,2
298,9,6,60,0,2,0
299,21,9,60,0,0,1
300,16,7,60,0,2,0
301,18,8,60,0,1,2
302,16,8,60,0,0,2
303,22,9,60,0,2,0
304,19,9,60,0,0,0
305,20,9,60,0,0,1
306,20,9,60,0,2,2
307,18,9,60,0,0,0
308,9,5,60,0,2,1
309,5,3,60,0,1,1
310,20,9,60,0,1,2
311,7,5,60,0,1,2
312,19,9,60,0,1,2
313,7,5,60,0,1,0
314,21,9,60,0,2,2
315,2,3,60,0,2,2
316,4,3,60,0,2,2
317,19,9,60,0,2,1
318,19,9,60,0,2,0
319,0,2,60,0,1,1
320,18,8,60,0,2,2
321,14,8,60,0,2,0
322,21,9,60,0,1,1
323,20,9,60,0,2,0
324,23,9,60,0,0,1
325,18,9,60,0,2,2
326,13,8,60,0,0,0
327,15,8,60,0,1,0
328,10,6,60,0,2,0
329,22,9,60,0,0,0
330,18,9,60,0,0,1
331,20,9,60,0,2,0
332,1,2,60,0,2,0
333,18,9,60,0,0,1
334,11,8,60,0,0,1
335,18,8,60,0,2,1
336,13,9,60,0,2,2
337,19,9,60,0,0,0
338,18,9,60,0,0,1
339,20,9,60,0,0,2
340,8,5,60,0,0,0
341,11,8,60,0,1,2
342,5,4,60,0,2,1
343,18,9,60,0,1,0
344,12,9,60,0,0,0
345,21,9,60,0,0,2
346,11,8,60,0,2,2
347,14,9,60,0,2,1
348,10,6,60,0,0,1
349,15,8,60,0,0,0
350,11,7,60,0,0,1
351,21,9,60,0,0,1
352,5,3,60,0,0,1
353,3,3,60,0,0,1
354,15,7,60,0,1,0
355,21,9,60,0,0,1
356,2,2,60,0,2,0
357,15,9,60,0,1,1
358,19,9,60,0,2,1
359,22,9,60,0,2,0
360,17,8,60,0,0,0
361,4,3,60,0,2,2
362,18,9,60,0,0,0
363,19,9,60,0,1,2
364,17,8,60,0,2,0
365,3,3,60,0,2,2
366,22,9,60,0,2,1
367,12,8,60,0,1,2
368,19,9,60,0,1,1
369,1,3,60,0,0,1
370,16,7,60,0,1,1
371,10,7,60,0,1,1
372,11,6,60,0,2,1
373,17,8,60,0,0,0
374,0,2,60,0,0,0
375,14,9,60,0,0,0
376,20,9,60,0,1,2
377,20,9,60,0,0,1
378,16,8,60,0,1,1
379,20,9,60,0,0,1
380,21,9,60,0,1,1
381,16,7,60,0,0,1
382,16,7,60,0,2,0
383,16,9,60,0,1,1
384,6,4,60,0,1,2
385,19,9,60,0,2,2
386,12,9,60,0,1,2
387,17,8,60,0,1,2
388,15,9,60,0,2,1
389,19,9,60,0,2,1
390,18,9,60,0,2,1
391,14,9,60,0,2,1
392,19,9,60,0,0,2
393,19,9,60,0,1,2
394,6,3,60,0,2,2
395,20,9,60,0,0,0
396,24,9,60,0,2,0
397,13,9,60,0,0,2
398,6,4,60,0,2,0
399,14,9,60,0,2,2
400,17,7,60,0,2,2
401,15,8,60,0,1,2
402,12,8,60,0,1,2
403,17,8,60,0,1,1
404,20,9,60,0,2,1
405,17,8,60,0,2,1
406,14,9,60,0,0,2
407,13,9,60,0,0,1
408,7,4,60,0,2,2
409,17,8,60,0,2,1
410,14,9,60,0,1,0
411,4,3,60,0,2,2
412,8,5,60,0,0,2
413,23,9,60,0,1,0
414,16,8,60,0,1,1
415,16,8,60,0,2,0
416,15,9,60,0,1,2
417,9,6,60,0,1,1
418,12,9,60,0,2,0
419,16,8,60,0,1,2
420,14,9,60,0,0,1
421,10,6,60,0,1,2
422,20,9,60,0,0,0
423,15,8,60,0,0,0
424,12,8,60,0,0,1
425,16,8,60,0,1,0
426,21,9,60,0,2,1
427,17,8,60,0,2,1
428,17,8,60,0,0,0
429,18,8,60,0,1,1
430,13,9,60,0,0,2
431,13,9,60,0,0,1
432,8,5,60,0,0,1
433,9,7,60,0,1,0
434,13,9,60,0,1,1
435,10,7,60,0,1,2
436,15,9,60,0,0,0
437,21,9,60,0,0,1
438,17,8,60,0,2,0
439,8,5,60,0,1,2
440,14,9,60,0,2,0
441,11,7,60,0,0,0
442,12,8,60,0,2,2
443,14,9,60,0,2,1
444,6,4,60,0,0,1
445,15,9,60,0,1,2
446,3,2,60,0,1,0
447,17,8,60,0,2,2
448,9,6,60,0,2,0
449,21,9,60,0,0,2
450,16,7,60,0,0,2
451,18,8,60,0,0,0
452,16,8,60,0,0,2
453,22,9,60,0,2,0
454,19,9,60,0,1,1
455,20,9,60,0,1,2
456,20,9,60,0,0,2
457,18,9,60,0,2,1
458,9,5,60,0,2,2
459,5,3,60,0,0,0
460,20,9,60,0,0,2
461,7,5,60,0,0,1
462,19,9,60,0,0,1
463,7,5,60,0,2,2
464,21,9,60,0,1,1
465,2,3,60,0,0,1
466,4,3,60,0,1,0
467,19,9,60,0,1,2
468,19,9,60,0,0,2
469,0,2,60,0,0,1
470,18,8,60,0,1,0
471,14,8,60,0,0,2
472,21,9,60,0,1,1
473,20,9,60,0,0,2
474,23,9,60,0,2,1
475,18,9,60,0,2,1
476,13,8,60,0,2,0
477,15,8,60,0,0,0
478,10,6,60,0,0,2
479,22,9,60,0,1,1
480,18,9,60,0,1,0
481,20,9,60,0,1,1
482,1,2,60,0,1,0
483,18,9,60,0,2,2
484,11,8,60,0,2,1
485,18,8,60,0,2,2
486,13,9,60,0,1,2
487,19,9,60,0,1,2
488,18,9,60,0,2,0
489,20,9,60,0,2,0
490,8,5,60,0,2,0
491,11,8,60,0,1,2
492,5,4,60,0,2,0
493,18,9,60,0,0,0
494,12,9,60,0,2,1
495,21,9,60,0,0,0
496,11,8,60,0,0,1
497,14,9,60,0,0,1
498,10,6,60,0,0,0
499,15,8,60,0,0,1
500,11,7,60,0,1,0
501,21,9,60,0,1,0
502,5,3,60,0,0,1
503,3,3,60,0,1,2
504,15,7,60,0,0,2
505,21,9,60,0,1,1
506,2,2,60,0,1,2
507,15,9,60,0,1,1
508,19,9,60,0,1,0
509,22,9,60,0,0,2
510,17,8,60,0,0,0
511,4,3,60,0,2,2
512,18,9,60,0,1,1
513,19,9,60,0,1,2
514,17,8,60,0,0,1
515,3,3,60,0,0,0
516,22,9,60,0,1,2
517,12,8,60,0,1,2
518,19,9,60,0,0,1
519,1,3,60,0,1,1
520,16,7,60,0,1,0
521,10,7,60,0,1,0
522,11,6,60,0,1,2
523,17,8,60,0,2,0
524,0,2,60,0,2,1
525,14,9,60,0,1,0
526,20,9,60,0,2,1
527,20,9,60,0,0,2
528,16,8,60,0,1,0
529,20,9,60,0,2,2
530,21,9,60,0,2,2
531,16,7,60,0,1,1
532,16,7,60,0,2,2
533,16,9,60,0,0,2
534,6,4,60,0,2,2
535,19,9,60,0,0,1
536,12,9,60,0,0,1
537,17,8,60,0,1,2
538,15,9,60,0,2,0
539,19,9,60,0,1,1
540,18,9,60,0,0,0
541,14,9,60,0,2,2
542,19,9,60,0,2,2
543,19,9,60,0,0,0
544,6,3,60,0,2,0
545,20,9,60,0,2,1
546,24,9,60,0,2,1
547,13,9,60,0,2,0
548,6,4,60,0,1,2
549,14,9,60,0,1,1
550,17,7,60,0,0,1
551,15,8,60,0,2,0
552,12,8,60,0,2,1
553,17,8,60,0,0,2
554,20,9,60,0,2,0
555,17,8,60,0,1,2
556,14,9,60,0,0,2
557,13,9,60,0,0,1
558,7,4,60,0,0,1
559,17,8,60,0,1,1
560,14,9,60,0,1,0
561,4,3,60,0,0,2
562,8,5,60,0,2,0
563,23,9,60,0,2,0
564,16,8,60,0,1,1
565,16,8,60,0,1,1
566,15,9,60,0,1,0
567,9,6,60,0,2,2
568,12,9,60,0,0,2
569,16,8,60,0,1,2
570,14,9,60,0,0,2
571,10,6,60,0,0,0
572,20,9,60,0,1,2
573,15,8,60,0,0,2
574,12,8,60,0,1,1
575,16,8,60,0,0,1
576,21,9,60,0,0,1
577,17,8,60,0,2,1
578,17,8,60,0,2,2
579,18,8,60,0,2,1
580,13,9,60,0,0,2
581,13,9,60,0,0,0
582,8,5,60,0,1,0
583,9,7,60,0,0,2
584,13,9,60,0,1,2
585,10,7,60,0,0,1
586,15,9,60,0,2,1
587,21,9,60,0,0,0
588,17,8,60,0,2,2
589,8,5,60,0,1,2
590,14,9,60,0,1,1
591,11,7,60,0,2,0
592,12,8,60,0,1,2
593,14,9,60,0,1,1
594,6,4,60,0,1,1
595,15,9,60,0,1,0
596,3,2,60,0,0,1
597,17,8,60,0,2,2
598,9,6,60,0,2,0
599,21,9,60,0,2,0
600,16,7,60,0,0,2
601,18,8,60,0,0,0
602,16,8,60,0,2,0
603,22,9,60,0,0,0
604,19,9,60,0,1,2
605,20,9,60,0,2,1
606,20,9,60,0,2,1
607,18,9,60,0,2,0
608,9,5,60,0,1,0
609,5,3,60,0,2,1
610,20,9,60,0,0,2
611,7,5,60,0,2,1
612,19,9,60,0,1,2
613,7,5,60,0,1,1
614,21,9,60,0,0,0
615,2,3,60,0,1,2
616,4,3,60,0,0,1
617,19,9,60,0,2,2
618,19,9,60,0,2,1
619,0,2,60,0,2,1
620,18,8,60,0,0,0
621,14,8,60,0,1,2
622,21,9,60,0,2,2
623,20,9,60,0,0,0
624,23,9,60,0,2,1
625,18,9,60,0,2,0
626,13,8,60,0,1,1
627,15,8,60,0,1,2
628,10,6,60,0,2,1
629,22,9,60,0,0,0
630,18,9,60,0,2,1
631,20,9,60,0,1,0
632,1,2,60,0,2,1
633,18,9,60,0,1,0
634,11,8,60,0,0,0
635,18,8,60,0,1,0
636,13,9,60,0,1,1
637,19,9,60,0,2,0
638,18,9,60,0,0,2
639,20,9,60,0,0,2
640,8,5,60,0,0,0
641,11,8,60,0,2,1
642,5,4,60,0,2,0
643,18,9,60,0,2,2
644,12,9,60,0,0,0
645,21,9,60,0,0,1
646,11,8,60,0,0,1
647,14,9,60,0,1,2
648,10,6,60,0,0,1
649,15,8,60,0,2,1
650,11,7,60,0,1,0
651,21,9,60,0,1,0
652,5,3,60,0,1,0
653,3,3,60,0,2,2
654,15,7,60,0,2,0
655,21,9,60,0,2,1
656,2,2,60,0,0,0
657,15,9,60,0,2,2
658,19,9,60,0,0,2
659,22,9,60,0,1,1
660,17,8,60,0,0,0
661,4,3,60,0,1,0
662,18,9,60,0,1,2
663,19,9,60,0,1,0
664,17,8,60,0,0,1
665,3,3,60,0,1,0
666,22,9,60,0,0,0
667,12,8,60,0,0,1
668,19,9,60,0,0,1
669,1,3,60,0,1,2
670,16,7,60,0,0,0
671,10,7,60,0,1,2
672,11,6,60,0,0,0
673,17,8,60,0,0,1
674,0,2,60,0,0,2
675,14,9,60,0,0,1
676,20,9,60,0,1,2
677,20,9,60,0,1,2
678,16,8,60,0,2,2
679,20,9,60,0,1,0
680,21,9,60,0,1,1
681,16,7,60,0,2,2
682,16,7,60,0,0,0
683,16,9,60,0,1,0
684,6,4,60,0,2,1
685,19,9,60,0,1,1
686,12,9,60,0,0,0
687,17,8,60,0,0,2
688,15,9,60,0,1,2
689,19,9,60,0,0,0
690,18,9,60,0,2,2
691,14,9,60,0,0,2
692,19,9,60,0,2,2
693,19,9,60,0,1,2
694,6,3,60,0,1,0
695,20,9,60,0,0,2
696,24,9,60,0,2,1
697,13,9,60,0,2,2
698,6,4,60,0,2,2
699,14,9,60,0,0,0
700,17,7,60,0,1,0
701,15,8,60,0,1,1
702,12,8,60,0,1,0
703,17,8,60,0,2,0
704,20,9,60,0,1,1
705,17,8,60,0,0,2
706,14,9,60,0,0,0
707,13,9,60,0,1,2
708,7,4,60,0,2,0
709,17,8,60,0,2,0
710,14,9,60,0,2,0
711,4,3,60,0,2,1
712,8,5,60,0,0,1
713,23,9,60,0,0,2
714,16,8,60,0,1,1
715,16,8,60,0,2,1
716,15,9,60,0,1,0
717,9,6,60,0,2,0
718,12,9,60,0,0,2
719,16,8,60,0,0,0
720,14,9,60,0,2,2
721,10,6,60,0,1,1
722,20,9,60,0,2,0
723,15,8,60,0,2,1
724,12,8,60,0,0,2
725,16,8,60,0,0,1
726,21,9,60,0,2,1
727,17,8,60,0,0,2
728,17,8,60,0,2,2
729,18,8,60,0,2,0
730,13,9,60,0,2,1
731,13,9,60,0,2,0
732,8,5,60,0,1,1
733,9,7,60,0,1,2
734,13,9,60,0,0,0
735,10,7,60,0,2,2
736,15,9,60,0,0,1
737,21,9,60,0,2,1
738,17,8,60,0,1,2
739,8,5,60,0,1,2
740,14,9,60,0,2,1
741,11,7,60,0,2,0
742,12,8,60,0,2,0
743,14,9,60,0,1,2
744,6,4,60,0,0,0
745,15,9,60,0,1,2
746,3,2,60,0,0,1
747,17,8,60,0,0,0
748,9,6,60,0,2,2
749,21,9,60,0,1,2
750,16,7,60,0,0,0
751,18,8,60,0,0,1
752,16,8,60,0,0,2
753,22,9,60,0,2,1
754,19,9,60,0,0,1
755,20,9,60,0,2,0
756,20,9,60,0,2,1
757,18,9,60,0,0,0
758,9,5,60,0,1,2
759,5,3,60,0,0,0
760,20,9,60,0,0,0
761,7,5,60,0,0,1
762,19,9,60,0,2,2
763,7,5,60,0,0,2
764,21,9,60,0,0,0
765,2,3,60,0,1,2
766,4,3,60,0,2,0
767,19,9,60,0,1,1
768,19,9,60,0,2,0
769,0,2,60,0,2,2
770,18,8,60,0,2,2
771,14,8,60,0,2,1
772,21,9,60,0,2,2
773,20,9,60,0,1,0
774,23,9,60,0,1,0
775,18,9,60,0,0,1
776,13,8,60,0,2,0
777,15,8,60,0,2,2
778,10,6,60,0,0,0
779,22,9,60,0,0,0
780,18,9,60,0,1,0
781,20,9,60,0,2,0
782,1,2,60,0,2,0
783,18,9,60,0,0,2
784,11,8,60,0,0,1
785,18,8,60,0,2,2
786,13,9,60,0,2,2
787,19,9,60,0,0,2
788,18,9,60,0,2,1
789,20,9,60,0,0,2
790,8,5,60,0,2,1
791,11,8,60,0,2,0
792,5,4,60,0,1,1
793,18,9,60,0,0,0
794,12,9,60,0,1,2
795,21,9,60,0,2,2
796,11,8,60,0,2,2
797,14,9,60,0,0,2
798,10,6,60,0,2,2
799,15,8,60,0,2,0
800,11,7,60,0,1,0
801,21,9,60,0,2,0
802,5,3,60,0,2,1
803,3,3,60,0,1,1
804,15,7,60,0,2,0
805,21,9,60,0,2,2
806,2,2,60,0,0,1
807,15,9,60,0,2,2
808,19,9,60,0,1,2
809,22,9,60,0,2,1
810,17,8,60,0,2,2
811,4,3,60,0,0,0
812,18,9,60,0,2,2
813,19,9,60,0,0,1
814,17,8,60,0,0,0
815,3,3,60,0,1,1
816,22,9,60,0,1,0
817,12,8,60,0,2,2
818,19,9,60,0,2,2
819,1,3,60,0,1,1
820,16,7,60,0,1,2
821,10,7,60,0,1,2
822,11,6,60,0,0,2
823,17,8,60,0,1,0
824,0,2,60,0,0,2
825,14,9,60,0,1,0
826,20,9,60,0,2,1
827,20,9,60,0,2,2
828,16,8,60,0,0,0
829,20,9,60,0,2,0
830,21,9,60,0,0,2
831,16,7,60,0,0,0
832,16,7,60,0,2,2
833,16,9,60,0,1,2
834,6,4,60,0,0,1
835,19,9,60,0,0,2
836,12,9,60,0,0,2
837,17,8,60,0,1,2
838,15,9,60,0,2,2
839,19,9,60,0,0,0
840,18,9,60,0,2,0
841,14,9,60,0,0,1
842,19,9,60,0,2,2
843,19,9,60,0,2,1
844,6,3,60,0,1,0
845,20,9,60,0,0,0
846,24,9,60,0,2,2
847,13,9,60,0,0,2
848,6,4,60,0,0,1
849,14,9,60,0,1,2
850,17,7,60,0,2,1
851,15,8,60,0,1,0
852,12,8,60,0,1,2
853,17,8,60,0,0,1
854,20,9,60,0,2,0
855,17,8,60,0,0,2
856,14,9,60,0,2,2
857,13,9,60,0,0,0
858,7,4,60,0,0,1
859,17,8,60,0,2,1
860,14,9,60,0,2,1
861,4,3,60,0,1,2
862,8,5,60,0,1,2
863,23,9,60,0,1,1
864,16,8,60,0,1,1
865,16,8,60,0,1,2
866,15,9,60,0,1,2
867,9,6,60,0,2,2
868,12,9,60,0,1,1
869,16,8,60,0,2,1
870,14,9,60,0,2,2
871,10,6,60,0,0,0
872,20,9,60,0,2,0
873,15,8,60,0,0,0
874,12,8,60,0,2,2
875,16,8,60,0,1,2
876,21,9,60,0,0,1
877,17,8,60,0,2,1
878,17,8,60,0,1,0
879,18,8,60,0,1,0
880,13,9,60,0,1,0
881,13,9,60,0,0,2
882,8,5,60,0,0,2
883,9,7,60,0,1,0
884,13,9,60,0,2,2
885,10,7,60,0,2,0
886,15,9,60,0,0,0
887,21,9,60,0,1,1
888,17,8,60,0,2,1
889,8,5,60,0,2,1
890,14,9,60,0,2,0
891,11,7,60,0,1,2
892,12,8,60,0,0,2
893,14,9,60,0,1,2
894,6,4,60,0,2,1
895,15,9,60,0,0,1
896,3,2,60,0,0,1
897,17,8,60,0,1,0
898,9,6,60,0,2,2
899,21,9,60,0,0,2
900,16,7,60,0,0,0
901,18,8,60,0,0,2
902,16,8,60,0,0,0
903,22,9,60,0,2,2
904,19,9,60,0,1,1
905,20,9,60,0,2,0
906,20,9,60,0,0,0
907,18,9,60,0,1,2
908,9,5,60,0,0,1
909,5,3,60,0,0,1
910,20,9,60,0,0,1
911,7,5,60,0,0,1
912,19,9,60,0,2,1
913,7,5,60,0,2,2
914,21,9,60,0,1,1
915,2,3,60,0,0,1
916,4,3,60,0,1,2
917,19,9,60,0,1,2
918,19,9,60,0,0,2
919,0,2,60,0,1,2
920,18,8,60,0,0,2
921,14,8,60,0,2,2
922,21,9,60,0,2,1
923,20,9,60,0,2,1
924,23,9,60,0,0,2
925,18,9,60,0,1,2
926,13,8,60,0,1,1
927,15,8,60,0,1,0
928,10,6,60,0,0,2
929,22,9,60,0,0,1
930,18,9,60,0,0,0
931,20,9,60,0,0,2
932,1,2,60,0,2,0
933,18,9,60,0,2,0
934,11,8,60,0,0,1
935,18,8,60,0,1,0
936,13,9,60,0,2,1
937,19,9,60,0,1,2
938,18,9,60,0,1,1
939,20,9,60,0,2,2
940,8,5,60,0,0,2
941,11,8,60,0,2,0
942,5,4,60,0,1,1
943,18,9,60,0,0,2
944,12,9,60,0,0,0
945,21,9,60,0,1,2
946,11,8,60,0,1,0
947,14,9,60,0,0,1
948,10,6,60,0,1,0
949,15,8,60,0,0,1
950,11,7,60,0,2,0
951,21,9,60,0,0,0
952,5,3,60,0,0,1
953,3,3,60,0,1,0
954,15,7,60,0,0,2
955,21,9,60,0,2,2
956,2,2,60,0,0,2
957,15,9,60,0,0,0
958,19,9,60,0,1,1
959,22,9,60,0,0,0
960,17,8,60,0,2,1
961,4,3,60,0,0,0
962,18,9,60,0,2,1
963,19,9,60,0,0,0
964,17,8,60,0,1,0
965,3,3,60,0,1,2
966,22,9,60,0,2,1
967,12,8,60,0,0,0
968,19,9,60,0,1,2
969,1,3,60,0,2,1
970,16,7,60,0,1,0
971,10,7,60,0,1,1
972,11,6,60,0,0,0
973,17,8,60,0,0,1
974,0,2,60,0,1,2
975,14,9,60,0,1,2
976,20,9,60,0,0,0
977,20,9,60,0,0,0
978,16,8,60,0,0,1
979,20,9,60,0,2,0
980,21,9,60,0,0,0
981,16,7,60,0,0,2
982,16,7,60,0,1,2
983,16,9,60,0,1,1
984,6,4,60,0,2,1
985,19,9,60,0,0,0
986,12,9,60,0,1,0
987,17,8,60,0,1,0
988,15,9,60,0,1,0
989,19,9,60,0,1,2
990,18,9,60,0,2,1
991,14,9,60,0,0,0
992,19,9,60,0,1,1
993,19,9,60,0,2,0
994,6,3,60,0,0,2
995,20,9,60,0,1,1
996,24,9,60,0,1,1
997,13,9,60,0,2,1
998,6,4,60,0,1,1
999,14,9,60,0,0,1
1000,17,7,60,0,1,2
1001,15,8,60,0,1,2
1002,12,8,60,0,2,0
1003,17,8,60,0,0,0
1004,20,9,60,0,1,2
1005,17,8,60,0,1,1
1006,14,9,60,0,0,1
1007,13,9,60,0,0,2
1008,7,4,60,0,1,2
1009,17,8,60,0,1,2
1010,14,9,60,0,1,0
1011,4,3,60,0,1,0
1012,8,5,60,0,0,0
1013,23,9,60,0,1,0
1014,16,8,60,0,2,2
1015,16,8,60,0,2,0
1016,15,9,60,0,2,1
1017,9,6,60,0,2,2
1018,12,9,60,0,2,0
1019,16,8,60,0,2,2
1020,14,9,60,0,2,2
1021,10,6,60,0,0,2
1022,20,9,60,0,0,1
1023,15,8,60,0,0,0
1024,12,8,60,0,1,1
1025,16,8,60,0,0,1
1026,21,9,60,0,1,1
1027,17,8,60,0,1,2
1028,17,8,60,0,0,2
1029,18,8,60,0,2,1
1030,13,9,60,0,2,1
1031,13,9,60,0,2,2
1032,8,5,60,0,0,2
1033,9,7,60,0,1,0
1034,13,9,60,0,2,2
1035,10,7,60,0,2,0
1036,15,9,60,0,0,2
1037,21,9,60,0,2,2
1038,17,8,60,0,2,1
1039,8,5,60,0,1,2
1040,14,9,60,0,2,0
1041,11,7,60,0,0,1
1042,12,8,60,0,1,0
1043,14,9,60,0,2,0
1044,6,4,60,0,2,1
1045,15,9,60,0,2,2
1046,3,2,60,0,2,2
1047,17,8,60,0,0,1
1048,9,6,60,0,1,2
1049,21,9,60,0,0,0
1050,16,7,60,0,2,2
1051,18,8,60,0,1,2
1052,16,8,60,0,1,2
1053,22,9,60,0,0,0
1054,19,9,60,0,0,1
1055,20,9,60,0,1,0
1056,20,9,60,0,2,2
1057,18,9,60,0,2,1
1058,9,5,60,0,0,1
1059,5,3,60,0,1,1
1060,20,9,60,0,1,2
1061,7,5,60,0,0,2
1062,19,9,60,0,2,1
1063,7,5,60,0,0,2
1064,21,9,60,0,2,2
1065,2,3,60,0,1,1
1066,4,3,60,0,0,1
1067,19,9,60,0,0,0
1068,19,9,60,0,1,0
1069,0,2,60,0,0,2
1070,18,8,60,0,0,2
1071,14,8,60,0,0,1
1072,21,9,60,0,2,0
1073,20,9,60,0,0,2
1074,23,9,60,0,0,1
1075,18,9,60,0,2,1
1076,13,8,60,0,0,2
1077,15,8,60,0,1,0
1078,10,6,60,0,1,0
1079,22,9,60,0,0,0
1080,18,9,60,0,2,2
1081,20,9,60,0,2,2
1082,1,2,60,0,1,2
1083,18,9,60,0,2,0
1084,11,8,60,0,0,2
1085,18,8,60,0,1,2
1086,13,9,60,0,0,0
1087,19,9,60,0,2,0
1088,18,9,60,0,0,1
1089,20,9,60,0,2,0
1090,8,5,60,0,0,0
1091,11,8,60,0,0,2
1092,5,4,60,0,2,2
1093,18,9,60,0,2,1
1094,12,9,60,0,1,1
1095,21,9,60,0,1,0
1096,11,8,60,0,1,2
1097,14,9,60,0,0,1
1098,10,6,60,0,0,0
1099,15,8,60,0,0,1
1100,11,7,60,0,0,1
1101,21,9,60,0,2,0
1102,5,3,60,0,0,2
1103,3,3,60,0,0,1
1104,15,7,60,0,2,0
1105,21,9,60,0,2,0
1106,2,2,60,0,0,2
1107,15,9,60,0,2,0
1108,19,9,60,0,1,1
1109,22,9,60,0,2,1
1110,17,8,60,0,1,1
1111,4,3,60,0,1,0
1112,18,9,60,0,2,2
1113,19,9,60,0,2,2
1114,17,8,60,0,0,2
1115,3,3,60,0,0,0
1116,22,9,60,0,0,0
1117,12,8,60,0,2,2
1118,19,9,60,0,1,1
1119,1,3,60,0,1,2
1120,16,7,60,0,2,2
1121,10,7,60,0,1,1
1122,11,6,60,0,2,2
1123,17,8,60,0,1,2
1124,0,2,60,0,2,1
1125,14,9,60,0,1,2
1126,20,9,60,0,0,0
1127,20,9,60,0,0,0
1128,16,8,60,0,2,0
1129,20,9,60,0,1,2
1130,21,9,60,0,0,2
1131,16,7,60,0,2,2
1132,16,7,60,0,0,1
1133,16,9,60,0,0,2
1134,6,4,60,0,0,0
1135,19,9,60,0,0,2
1136,12,9,60,0,2,2
1137,17,8,60,0,2,0
1138,15,9,60,0,1,0
1139,19,9,60,0,0,0
1140,18,9,60,0,2,2
1141,14,9,60,0,0,0
1142,19,9,60,0,2,1
1143,19,9,60,0,0,1
1144,6,3,60,0,0,2
1145,20,9,60,0,2,2
1146,24,9,60,0,0,1
1147,13,9,60,0,1,0
1148,6,4,60,0,1,0
1149,14,9,60,0,2,2
1150,17,7,60,0,1,2
1151,15,8,60,0,2,0
1152,12,8,60,0,0,2
1153,17,8,60,0,2,2
1154,20,9,60,0,1,2
1155,17,8,60,0,0,2
1156,14,9,60,0,0,0
1157,13,9,60,0,0,2
1158,7,4,60,0,1,1
1159,17,8,60,0,2,2
1160,14,9,60,0,1,1
1161,4,3,60,0,2,1
1162,8,5,60,0,1,0
1163,23,9,60,0,2,1
1164,16,8,60,0,0,2
1165,16,8,60,0,1,2
1166,15,9,60,0,1,1
1167,9,6,60,0,0,2
1168,12,9,60,0,1,0
1169,16,8,60,0,1,0
1170,14,9,60,0,2,1
1171,10,6,60,0,2,1
1172,20,9,60,0,1,0
1173,15,8,60,0,2,2
1174,12,8,60,0,2,2
1175,16,8,60,0,1,2
1176,21,9,60,0,1,1
1177,17,8,60,0,1,0
1178,17,8,60,0,0,1
1179,18,8,60,0,1,2
1180,13,9,60,0,1,1
1181,13,9,60,0,1,1
1182,8,5,60,0,0,1
1183,9,7,60,0,1,0
1184,13,9,60,0,0,1
1185,10,7,60,0,1,0
1186,15,9,60,0,2,0
1187,21,9,60,0,1,0
1188,17,8,60,0,2,2
1189,8,5,60,0,1,1
1190,14,9,60,0,0,0
1191,11,7,60,0,0,2
1192,12,8,60,0,1,2
1193,14,9,60,0,1,1
1194,6,4,60,0,1,0
1195,15,9,60,0,2,0
1196,3,2,60,0,0,2
1197,17,8,60,0,0,0
1198,9,6,60,0,0,1
1199,21,9,60,0,1,2
1200,16,7,60,0,2,1
1201,18,8,60,0,1,1
1202,16,8,60,0,1,0
1203,22,9,60,0,1,0
1204,19,9,60,0,2,2
1205,20,9,60,0,1,0
1206,20,9,60,0,2,2
1207,18,9,60,0,0,0
1208,9,5,60,0,2,1
1209,5,3,60,0,0,2
1210,20,9,60,0,0,0
1211,7,5,60,0,1,2
1212,19,9,60,0,2,1
1213,7,5,60,0,2,1
1214,21,9,60,0,2,1
1215,2,3,60,0,0,0
1216,4,3,60,0,1,0
1217,19,9,60,0,1,1
1218,19,9,60,0,2,0
1219,0,2,60,0,0,1
1220,18,8,60,0,0,0
1221,14,8,60,0,0,1
1222,21,9,60,0,2,2
1223,20,9,60,0,1,1
1224,23,9,60,0,2,1
1225,18,9,60,0,1,0
1226,13,8,60,0,1,1
1227,15,8,60,0,0,1
1228,10,6,60,0,2,0
1229,22,9,60,0,1,0
1230,18,9,60,0,2,2
1231,20,9,60,0,2,2
1232,1,2,60,0,2,2
1233,18,9,60,0,0,2
1234,11,8,60,0,2,1
1235,18,8,60,0,2,0
1236,13,9,60,0,1,0
1237,19,9,60,0,0,2
1238,18,9,60,0,2,2
1239,20,9,60,0,2,0
1240,8,5,60,0,0,2
1241,11,8,60,0,2,1
1242,5,4,60,0,2,1
1243,18,9,60,0,2,1
1244,12,9,60,0,2,2
1245,21,9,60,0,2,1
1246,11,8,60,0,2,0
1247,14,9,60,0,2,0
1248,10,6,60,0,0,0
1249,15,8,60,0,2,1
1250,11,7,60,0,2,0
1251,21,9,60,0,0,0
1252,5,3,60,0,2,0
1253,3,3,60,0,2,0
1254,15,7,60,0,2,0
1255,21,9,60,0,2,0
1256,2,2,60,0,2,1
1257,15,9,60,0,0,0
1258,19,9,60,0,1,2
1259,22,9,60,0,1,0
1260,17,8,60,0,0,1
1261,4,3,60,0,1,2
1262,18,9,60,0,2,0
1263,19,9,60,0,2,0
1264,17,8,60,0,2,0
1265,3,3,60,0,0,0
1266,22,9,60,0,0,2
1267,12,8,60,0,1,2
1268,19,9,60,0,1,0
1269,1,3,60,0,1,2
1270,16,7,60,0,1,2
1271,10,7,60,0,0,0
1272,11,6,60,0,2,0
1273,17,8,60,0,1,1
1274,0,2,60,0,2,2
1275,14,9,60,0,2,1
1276,20,9,60,0,2,1
1277,20,9,60,0,2,1
1278,16,8,60,0,1,0
1279,20,9,60,0,2,2
1280,21,9,60,0,0,2
1281,16,7,60,0,0,1
1282,16,7,60,0,2,2
1283,16,9,60,0,0,1
1284,6,4,60,0,2,1
1285,19,9,60,0,2,2
1286,12,9,60,0,0,1
1287,17,8,60,0,1,1
1288,15,9,60,0,2,0
1289,19,9,60,0,0,1
1290,18,9,60,0,0,0
1291,14,9,60,0,1,0
1292,19,9,60,0,0,1
1293,19,9,60,0,1,0
1294,6,3,60,0,2,1
1295,20,9,60,0,1,0
1296,24,9,60,0,1,2
1297,13,9,60,0,0,1
1298,6,4,60,0,0,0
1299,14,9,60,0,1,0
1300,17,7,60,0,1,0
1301,15,8,60,0,1,2
1302,12,8,60,0,2,0
1303,17,8,60,0,0,0
1304,20,9,60,0,2,2
1305,17,8,60,0,2,2
1306,14,9,60,0,1,2
1307,13,9,60,0,0,2
1308,7,4,60,0,2,1
1309,17,8,60,0,2,2
1310,14,9,60,0,1,2
1311,4,3,60,0,0,2
1312,8,5,60,0,0,2
1313,23,9,60,0,2,2
1314,16,8,60,0,1,0
1315,16,8,60,0,1,2
1316,15,9,60,0,2,0
1317,9,6,60,0,0,0
1318,12,9,60,0,0,2
1319,16,8,60,0,1,1
1320,14,9,60,0,2,0
1321,10,6,60,0,1,2
1322,20,9,60,0,2,1
1323,15,8,60,0,2,1
1324,12,8,60,0,2,2
1325,16,8,60,0,0,2
1326,21,9,60,0,1,1
1327,17,8,60,0,2,1
1328,17,8,60,0,1,1
1329,18,8,60,0,1,0
1330,13,9,60,0,0,1
1331,13,9,60,0,2,2
1332,8,5,60,0,0,2
1333,9,7,60,0,0,2
1334,13,9,60,0,0,0
1335,10,7,60,0,1,0
1336,15,9,60,0,1,2
1337,21,9,60,0,2,0
1338,17,8,60,0,0,0
1339,8,5,60,0,1,0
1340,14,9,60,0,0,1
1341,11,7,60,0,2,0
1342,12,8,60,0,2,0
1343,14,9,60,0,0,2
1344,6,4,60,0,0,2
1345,15,9,60,0,0,2
1346,3,2,60,0,0,2
1347,17,8,60,0,0,0
1348,9,6,60,0,1,2
1349,21,9,60,0,2,2
1350,16,7,60,0,2,0
1351,18,8,60,0,2,2
1352,16,8,60,0,2,0
1353,22,9,60,0,1,0
1354,19,9,60,0,1,2
1355,20,9,60,0,0,2
1356,20,9,60,0,1,2
1357,18,9,60,0,1,0
1358,9,5,60,0,2,0
1359,5,3,60,0,0,2
1360,20,9,60,0,0,1
1361,7,5,60,0,2,2
1362,19,9,60,0,1,0
1363,7,5,60,0,1,2
1364,21,9,60,0,2,2
1365,2,3,60,0,2,1
1366,4,3,60,0,2,1
1367,19,9,60,0,1,0
1368,19,9,60,0,2,0
1369,0,2,60,0,1,1
1370,18,8,60,0,2,2
1371,14,8,60,0,2,2
1372,21,9,60,0,0,1
1373,20,9,60,0,2,1
1374,23,9,60,0,1,1
1375,18,9,60,0,0,0
1376,13,8,60,0,1,2
1377,15,8,60,0,1,0
1378,10,6,60,0,1,2
1379,22,9,60,0,0,2
1380,18,9,60,0,2,2
1381,20,9,60,0,1,2
1382,1,2,60,0,0,2
1383,18,9,60,0,0,1
1384,11,8,60,0,2,1
1385,18,8,60,0,0,0
1386,13,9,60,0,0,2
1387,19,9,60,0,0,0
1388,18,9,60,0,2,2
1389,20,9,60,0,1,1
1390,8,5,60,0,2,0
1391,11,8,60,0,1,0
1392,5,4,60,0,0,2
1393,18,9,60,0,1,1
1394,12,9,60,0,2,0
1395,21,9,60,0,0,0
1396,11,8,60,0,0,0
1397,14,9,60,0,2,1
1398,10,6,60,0,1,2
1399,15,8,60,0,0,1
1400,11,7,60,0,1,1
1401,21,9,60,0,0,1
1402,5,3,60,0,2,1
1403,3,3,60,0,2,0
1404,15,7,60,0,1,2
1405,21,9,60,0,2,2
1406,2,2,60,0,2,0
1407,15,9,60,0,0,1
1408,19,9,60,0,1,1
1409,22,9,60,0,2,0
1410,17,8,60,0,2,2
1411,4,3,60,0,0,1
1412,18,9,60,0,2,0
1413,19,9,60,0,1,2
1414,17,8,60,0,0,1
1415,3,3,60,0,0,1
1416,22,9,60,0,0,2
1417,12,8,60,0,1,2
1418,19,9,60,0,0,2
1419,1,3,60,0,0,1
1420,16,7,60,0,2,1
1421,10,7,60,0,1,1
1422,11,6,60,0,0,0
1423,17,8,60,0,2,1
1424,0,2,60,0,1,0
1425,14,9,60,0,1,2
1426,20,9,60,0,1,2
1427,20,9,60,0,2,1
1428,16,8,60,0,0,2
1429,20,9,60,0,2,1
1430,21,9,60,0,1,0
1431,16,7,60,0,1,1
1432,16,7,60,0,1,1
1433,16,9,60,0,2,2
1434,6,4,60,0,0,0
1435,19,9,60,0,1,0
1436,12,9,60,0,1,1
1437,17,8,60,0,2,2
1438,15,9,60,0,0,2
1439,19,9,60,0,2,1
1440,18,9,60,0,2,0
1441,14,9,60,0,0,0
1442,19,9,60,0,1,1
1443,19,9,60,0,2,0
1444,6,3,60,0,0,1
1445,20,9,60,0,0,0
1446,24,9,60,0,0,2
1447,13,9,60,0,0,2
1448,6,4,60,0,0,0
1449,14,9,60,0,1,2
1450,17,7,60,0,2,2
1451,15,8,60,0,0,1
1452,12,8,60,0,2,1
1453,17,8,60,0,1,0
1454,20,9,60,0,2,0
1455,17,8,60,0,1,2
1456,14,9,60,0,0,0
1457,13,9,60,0,2,1
1458,7,4,60,0,2,2
1459,17,8,60,0,2,1
1460,14,9,60,0,2,1
1461,4,3,60,0,2,2
1462,8,5,60,0,0,1
1463,23,9,60,0,2,0
1464,16,8,60,0,2,1
1465,16,8,60,0,2,0
1466,15,9,60,0,1,0
1467,9,6,60,0,2,1
1468,12,9,60,0,2,1
1469,16,8,60,0,0,2
1470,14,9,60,0,0,2
1471,10,6,60,0,2,2
1472,20,9,60,0,2,0
1473,15,8,60,0,0,2
1474,12,8,60,0,0,1
1475,16,8,60,0,1,0
1476,21,9,60,0,1,0
1477,17,8,60,0,1,2
1478,17,8,60,0,1,0
1479,18,8,60,0,2,2
1480,13,9,60,0,2,0
1481,13,9,60,0,0,1
1482,8,5,60,0,0,2
1483,9,7,60,0,1,2
1484,13,9,60,0,1,2
1485,10,7,60,0,2,2
1486,15,9,60,0,0,0
1487,21,9,60,0,2,1
1488,17,8,60,0,0,0
1489,8,5,60,0,1,2
1490,14,9,60,0,2,1
1491,11,7,60,0,0,0
1492,12,8,60,0,1,0
1493,14,9,60,0,1,2
1494,6,4,60,0,2,2
1495,15,9,60,0,1,2
1496,3,2,60,0,2,1
1497,17,8,60,0,0,1
1498,9,6,60,0,0,0
1499,21,9,60,0,1,0
